Time,Value
0.0,0.5000000137678158
0.001000000000000334,0.5000000137044187
0.0019999999999997797,0.5000000136410044
0.0030000000000001137,0.500000013577573
0.0039999999999995595,0.5000000135141245
0.004999999999999893,0.5000000134506589
0.006000000000000227,0.500000013387176
0.006999999999999673,0.5000000133236763
0.008000000000000007,0.5000000132601593
0.009000000000000341,0.5000000131966251
0.009999999999999787,0.5000000131330739
0.01100000000000012,0.5000000130695057
0.011999999999999567,0.5000000130059201
0.0129999999999999,0.5000000129423176
0.014000000000000234,0.5000000128786978
0.01499999999999968,0.500000012815061
0.016000000000000014,0.5000000127514072
0.017000000000000348,0.5000000126877361
0.017999999999999794,0.500000012624048
0.019000000000000128,0.5000000125603427
0.019999999999999574,0.5000000124966202
0.020999999999999908,0.5000000124328806
0.02200000000000024,0.5000000123691242
0.022999999999999687,0.5000000123053503
0.02400000000000002,0.5000000122415594
0.025000000000000355,0.5000000121777514
0.0259999999999998,0.5000000121139263
0.027000000000000135,0.5000000120500843
0.02799999999999958,0.5000000119862248
0.028999999999999915,0.5000000119223483
0.03000000000000025,0.5000000118584548
0.030999999999999694,0.500000011794544
0.03200000000000003,0.5000000117306163
0.03300000000000036,0.5000000116666712
0.03399999999999981,0.5000000116027092
0.03500000000000014,0.50000001153873
0.03599999999999959,0.5000000114747337
0.03699999999999992,0.5000000114107204
0.038000000000000256,0.5000000113466898
0.0389999999999997,0.5000000112826422
0.040000000000000036,0.5000000112185775
0.04100000000000037,0.5000000111544954
0.041999999999999815,0.5000000110903966
0.04300000000000015,0.5000000110262804
0.043999999999999595,0.5000000109621472
0.04499999999999993,0.5000000108979968
0.04600000000000026,0.5000000108338294
0.04699999999999971,0.5000000107696448
0.04800000000000004,0.5000000107054431
0.04900000000000038,0.5000000106412243
0.04999999999999982,0.5000000105769883
0.051000000000000156,0.5000000105127352
0.0519999999999996,0.5000000104484651
0.052999999999999936,0.5000000103841779
0.05400000000000027,0.5000000103198735
0.054999999999999716,0.5000000102555519
0.05600000000000005,0.5000000101912132
0.057000000000000384,0.5000000101268575
0.05799999999999983,0.5000000100624845
0.05900000000000016,0.5000000099980946
0.05999999999999961,0.5000000099336874
0.06099999999999994,0.5000000098692633
0.06200000000000028,0.5000000098228411
0.06299999999999972,0.5000000097790872
0.06400000000000006,0.5000000097353972
0.06500000000000039,0.500000009691771
0.06599999999999984,0.5000000096482088
0.06700000000000017,0.5000000096047107
0.06799999999999962,0.5000000095612763
0.06899999999999995,0.5000000095179058
0.07000000000000028,0.5000000094745993
0.07099999999999973,0.5000000094313568
0.07200000000000006,0.5000000093881781
0.0730000000000004,0.5000000093450634
0.07399999999999984,0.5000000093020126
0.07500000000000018,0.5000000092590257
0.07599999999999962,0.5000000092161027
0.07699999999999996,0.5000000091732437
0.07800000000000029,0.5000000091304485
0.07899999999999974,0.5000000090877174
0.08000000000000007,0.50000000904505
0.0810000000000004,0.5000000090024467
0.08199999999999985,0.5000000089599073
0.08300000000000018,0.5000000089174318
0.08399999999999963,0.5000000088750202
0.08499999999999996,0.5000000088326725
0.0860000000000003,0.5000000087903889
0.08699999999999974,0.500000008748169
0.08800000000000008,0.500000008706013
0.08900000000000041,0.5000000086639211
0.08999999999999986,0.500000008621893
0.09100000000000019,0.5000000085799289
0.09199999999999964,0.5000000085380287
0.09299999999999997,0.5000000084961924
0.0940000000000003,0.50000000845442
0.09499999999999975,0.5000000084127116
0.09600000000000009,0.5000000083710671
0.09700000000000042,0.5000000083294865
0.09799999999999986,0.5000000082879699
0.0990000000000002,0.5000000082465171
0.09999999999999964,0.5000000082051282
0.10099999999999998,0.5000000081638034
0.10200000000000031,0.5000000081225424
0.10299999999999976,0.5000000080813453
0.10400000000000009,0.5000000080402122
0.10500000000000043,0.5000000079991429
0.10599999999999987,0.5000000079581376
0.1070000000000002,0.5000000079171962
0.10799999999999965,0.5000000078763189
0.10899999999999999,0.5000000078355052
0.11000000000000032,0.5000000077947557
0.11099999999999977,0.50000000775407
0.1120000000000001,0.5000000077134483
0.11300000000000043,0.5000000076728904
0.11399999999999988,0.5000000076323966
0.11500000000000021,0.5000000075919665
0.11599999999999966,0.5000000075516006
0.11699999999999999,0.5000000075112984
0.11800000000000033,0.5000000074710601
0.11899999999999977,0.5000000074308858
0.1200000000000001,0.5000000073907754
0.12100000000000044,0.5000000073507289
0.12199999999999989,0.5000000073107465
0.12300000000000022,0.5000000072708278
0.12399999999999967,0.5000000072309732
0.125,0.5000000071911823
0.12600000000000033,0.5000000071514555
0.12699999999999978,0.5000000071117926
0.1280000000000001,0.5000000070721936
0.12899999999999956,0.5000000070326585
0.1299999999999999,0.5000000069931875
0.13100000000000023,0.5000000069537801
0.13199999999999967,0.5000000069144369
0.133,0.5000000068751574
0.13400000000000034,0.500000006835942
0.1349999999999998,0.5000000067967905
0.13600000000000012,0.5000000067577027
0.13699999999999957,0.5000000067186791
0.1379999999999999,0.5000000066797193
0.13900000000000023,0.5000000066408234
0.13999999999999968,0.5000000066019916
0.14100000000000001,0.5000000065632236
0.14200000000000035,0.5000000065245195
0.1429999999999998,0.5000000064858794
0.14400000000000013,0.500000006447303
0.14499999999999957,0.5000000064087908
0.1459999999999999,0.5000000063703424
0.14700000000000024,0.500000006331958
0.1479999999999997,0.5000000062936374
0.14900000000000002,0.5000000062553807
0.15000000000000036,0.5000000062171881
0.1509999999999998,0.5000000061790593
0.15200000000000014,0.5000000061409944
0.15299999999999958,0.5000000061029934
0.15399999999999991,0.5000000060650563
0.15500000000000025,0.5000000060271833
0.1559999999999997,0.5000000059893741
0.15700000000000003,0.5000000059516289
0.15800000000000036,0.5000000059139476
0.1589999999999998,0.5000000058763302
0.16000000000000014,0.5000000058387768
0.1609999999999996,0.5000000058012871
0.16199999999999992,0.5000000057638615
0.16300000000000026,0.5000000057264997
0.1639999999999997,0.500000005689202
0.16500000000000004,0.5000000056519682
0.16600000000000037,0.5000000056147982
0.16699999999999982,0.5000000055776922
0.16800000000000015,0.50000000554065
0.1689999999999996,0.5000000055036719
0.16999999999999993,0.5000000054667576
0.17100000000000026,0.5000000054299072
0.1719999999999997,0.5000000053931208
0.17300000000000004,0.5000000053563983
0.17400000000000038,0.5000000053197398
0.17499999999999982,0.5000000052831451
0.17600000000000016,0.5000000052466144
0.1769999999999996,0.5000000052101476
0.17799999999999994,0.5000000051737447
0.17900000000000027,0.5000000051374058
0.17999999999999972,0.5000000051011309
0.18100000000000005,0.5000000050649197
0.18200000000000038,0.5000000050287724
0.18299999999999983,0.5000000049926892
0.18400000000000016,0.5000000049566699
0.1849999999999996,0.5000000049207145
0.18599999999999994,0.500000004884823
0.18700000000000028,0.5000000048489953
0.18799999999999972,0.5000000048132317
0.18900000000000006,0.5000000047775319
0.1900000000000004,0.5000000047418961
0.19099999999999984,0.5000000047063243
0.19200000000000017,0.5000000046708163
0.19299999999999962,0.5000000046353723
0.19399999999999995,0.5000000045999922
0.19500000000000028,0.5000000045646761
0.19599999999999973,0.5000000045294236
0.19700000000000006,0.5000000044942353
0.1980000000000004,0.5000000044591109
0.19899999999999984,0.5000000044240503
0.20000000000000018,0.5000000043890538
0.20099999999999962,0.5000000043541212
0.20199999999999996,0.5000000043192524
0.2030000000000003,0.5000000042844476
0.20399999999999974,0.5000000042497067
0.20500000000000007,0.5000000042150298
0.2060000000000004,0.5000000041804167
0.20699999999999985,0.5000000041458675
0.20800000000000018,0.5000000041113823
0.20899999999999963,0.5000000040769611
0.20999999999999996,0.5000000040426037
0.2110000000000003,0.5000000040083102
0.21199999999999974,0.5000000039740807
0.21300000000000008,0.5000000039399151
0.2140000000000004,0.5000000039058135
0.21499999999999986,0.5000000038717757
0.2160000000000002,0.500000003837802
0.21699999999999964,0.500000003803892
0.21799999999999997,0.5000000037700459
0.2190000000000003,0.5000000037362641
0.21999999999999975,0.5000000037025458
0.22100000000000009,0.5000000036688916
0.22200000000000042,0.5000000036353014
0.22299999999999986,0.500000003601775
0.2240000000000002,0.5000000035683124
0.22499999999999964,0.500000003534914
0.22599999999999998,0.5000000035015794
0.2270000000000003,0.5000000034683086
0.22799999999999976,0.5000000034351019
0.2290000000000001,0.5000000034019592
0.23000000000000043,0.5000000033688802
0.23099999999999987,0.5000000033358651
0.2320000000000002,0.5000000033029142
0.23299999999999965,0.5000000032700269
0.23399999999999999,0.5000000032372038
0.23500000000000032,0.5000000032044445
0.23599999999999977,0.5000000031717491
0.2370000000000001,0.5000000031391176
0.23800000000000043,0.50000000310655
0.23899999999999988,0.5000000030740465
0.2400000000000002,0.5000000030416069
0.24099999999999966,0.500000003009231
0.242,0.5000000029769192
0.24300000000000033,0.5000000029446714
0.24399999999999977,0.5000000029124873
0.2450000000000001,0.5000000028803672
0.24600000000000044,0.500000002848311
0.2469999999999999,0.5000000028163188
0.24800000000000022,0.5000000027843905
0.24899999999999967,0.5000000027525261
0.25,0.5000000027207256
0.25100000000000033,0.5000000026889891
0.2519999999999998,0.5000000026573165
0.2530000000000001,0.5000000026257078
0.25399999999999956,0.500000002594163
0.2549999999999999,0.5000000025626822
0.2560000000000002,0.5000000025312652
0.2569999999999997,0.5000000024999123
0.258,0.5000000024686232
0.25900000000000034,0.500000002437398
0.2599999999999998,0.5000000024062368
0.2610000000000001,0.5000000023751394
0.26199999999999957,0.500000002344106
0.2629999999999999,0.5000000023131366
0.26400000000000023,0.500000002282231
0.2649999999999997,0.5000000022513894
0.266,0.5000000022206117
0.26700000000000035,0.5000000021898979
0.2679999999999998,0.500000002159248
0.26900000000000013,0.500000002128662
0.2699999999999996,0.5000000020981401
0.2709999999999999,0.5000000020676819
0.27200000000000024,0.5000000020372879
0.2729999999999997,0.5000000020069576
0.274,0.5000000019766913
0.27500000000000036,0.5000000019464889
0.2759999999999998,0.5000000019163503
0.27700000000000014,0.5000000018862758
0.2779999999999996,0.5000000018562653
0.2789999999999999,0.5000000018263184
0.28000000000000025,0.5000000017964357
0.2809999999999997,0.5000000017666169
0.28200000000000003,0.5000000017368619
0.28300000000000036,0.5000000017071708
0.2839999999999998,0.5000000016775437
0.28500000000000014,0.5000000016479806
0.2859999999999996,0.5000000016184812
0.2869999999999999,0.5000000015890459
0.28800000000000026,0.5000000015596745
0.2889999999999997,0.500000001530367
0.29000000000000004,0.5000000015011234
0.29100000000000037,0.5000000014719438
0.2919999999999998,0.5000000014428281
0.29300000000000015,0.5000000014137763
0.2939999999999996,0.5000000013847884
0.29499999999999993,0.5000000013558645
0.29600000000000026,0.5000000013270045
0.2969999999999997,0.5000000012982082
0.29800000000000004,0.5000000012694762
0.2990000000000004,0.5000000012408079
0.2999999999999998,0.5000000012122034
0.30100000000000016,0.5000000011836631
0.3019999999999996,0.5000000011551866
0.30299999999999994,0.500000001126774
0.30400000000000027,0.5000000010984254
0.3049999999999997,0.5000000010701406
0.30600000000000005,0.5000000010419198
0.3070000000000004,0.500000001013763
0.30799999999999983,0.5000000009856701
0.30900000000000016,0.500000000957641
0.3099999999999996,0.5000000009296759
0.31099999999999994,0.5000000009017745
0.3120000000000003,0.5000000008739374
0.3129999999999997,0.500000000846164
0.31400000000000006,0.5000000008184545
0.3150000000000004,0.500000000790809
0.31599999999999984,0.5000000007632276
0.31700000000000017,0.5000000007357098
0.3179999999999996,0.5000000007082561
0.31899999999999995,0.5000000006808664
0.3200000000000003,0.5000000006535404
0.32099999999999973,0.5000000006262784
0.32200000000000006,0.5000000005990803
0.3230000000000004,0.5000000005719463
0.32399999999999984,0.5000000005448759
0.3250000000000002,0.5000000005178697
0.3259999999999996,0.5000000004909274
0.32699999999999996,0.5000000004640489
0.3280000000000003,0.5000000004372345
0.32899999999999974,0.5000000004104839
0.33000000000000007,0.5000000003837972
0.3310000000000004,0.5000000003571744
0.33199999999999985,0.5000000003306155
0.3330000000000002,0.5000000003041207
0.33399999999999963,0.5000000002776896
0.33499999999999996,0.5000000002513226
0.3360000000000003,0.5000000002250194
0.33699999999999974,0.5000000001987803
0.3380000000000001,0.500000000172605
0.3390000000000004,0.5000000001464936
0.33999999999999986,0.5000000001204463
0.3410000000000002,0.5000000000944627
0.34199999999999964,0.5000000000685432
0.34299999999999997,0.5000000000426875
0.3440000000000003,0.5000000000168956
0.34499999999999975,0.4999999999911678
0.3460000000000001,0.4999999999655039
0.3470000000000004,0.4999999999399039
0.34799999999999986,0.4999999999143679
0.3490000000000002,0.4999999998888957
0.34999999999999964,0.4999999998634875
0.351,0.4999999998381432
0.3520000000000003,0.4999999998128628
0.35299999999999976,0.4999999997876464
0.3540000000000001,0.4999999997624939
0.3550000000000004,0.4999999997374052
0.35599999999999987,0.4999999997123805
0.3570000000000002,0.4999999996874199
0.35799999999999965,0.499999999662523
0.359,0.49999999963769
0.3600000000000003,0.499999999612921
0.36099999999999977,0.4999999995882159
0.3620000000000001,0.4999999995635747
0.36300000000000043,0.4999999995389976
0.3639999999999999,0.4999999995144843
0.3650000000000002,0.4999999994900348
0.36599999999999966,0.4999999994656493
0.367,0.4999999994413278
0.3680000000000003,0.4999999994170702
0.3689999999999998,0.4999999993928765
0.3700000000000001,0.4999999993687467
0.37100000000000044,0.4999999993446809
0.3719999999999999,0.499999999320679
0.3730000000000002,0.4999999992967409
0.37399999999999967,0.4999999992728669
0.375,0.4999999992490567
0.37600000000000033,0.4999999992253105
0.3769999999999998,0.4999999992016281
0.3780000000000001,0.4999999991780099
0.37899999999999956,0.4999999991544554
0.3799999999999999,0.4999999991309648
0.3810000000000002,0.4999999991075381
0.3819999999999997,0.4999999990841755
0.383,0.4999999990608767
0.38400000000000034,0.4999999990376417
0.3849999999999998,0.4999999990144709
0.3860000000000001,0.4999999989913638
0.38699999999999957,0.4999999989683208
0.3879999999999999,0.4999999989453416
0.38900000000000023,0.4999999989224264
0.3899999999999997,0.499999998899575
0.391,0.4999999988767875
0.39200000000000035,0.4999999988540641
0.3929999999999998,0.4999999988314046
0.39400000000000013,0.4999999988088089
0.3949999999999996,0.4999999987862772
0.3959999999999999,0.4999999987638094
0.39700000000000024,0.4999999987414055
0.3979999999999997,0.4999999987190656
0.399,0.4999999986967896
0.40000000000000036,0.4999999986745775
0.4009999999999998,0.4999999986524293
0.40200000000000014,0.499999998630345
0.4029999999999996,0.4999999986083247
0.4039999999999999,0.4999999985863683
0.40500000000000025,0.4999999985644757
0.4059999999999997,0.4999999985426472
0.40700000000000003,0.4999999985208825
0.40800000000000036,0.4999999984991819
0.4089999999999998,0.4999999984775451
0.41000000000000014,0.4999999984559721
0.4109999999999996,0.4999999984344632
0.4119999999999999,0.4999999984130182
0.41300000000000026,0.4999999983916372
0.4139999999999997,0.4999999983703198
0.41500000000000004,0.4999999983490666
0.41600000000000037,0.4999999983278773
0.4169999999999998,0.4999999983067519
0.41800000000000015,0.4999999982856904
0.4189999999999996,0.4999999982646929
0.41999999999999993,0.4999999982437591
0.42100000000000026,0.4999999982228894
0.4219999999999997,0.4999999982020836
0.42300000000000004,0.4999999981813418
0.4240000000000004,0.4999999981606637
0.4249999999999998,0.4999999981400496
0.42600000000000016,0.4999999981194996
0.4269999999999996,0.4999999980990135
0.42799999999999994,0.4999999980785911
0.42900000000000027,0.4999999980582328
0.4299999999999997,0.4999999980379384
0.43100000000000005,0.4999999980177079
0.4320000000000004,0.4999999979975413
0.43299999999999983,0.4999999979774387
0.43400000000000016,0.4999999979573999
0.4349999999999996,0.499999997937425
0.43599999999999994,0.4999999979175141
0.4370000000000003,0.4999999978976671
0.4379999999999997,0.4999999978778842
0.43900000000000006,0.4999999978581651
0.4400000000000004,0.4999999978385098
0.44099999999999984,0.4999999978189185
0.44200000000000017,0.4999999977993911
0.4429999999999996,0.4999999977799277
0.44399999999999995,0.4999999977605283
0.4450000000000003,0.4999999977411926
0.44599999999999973,0.499999997721921
0.44700000000000006,0.4999999977027132
0.4480000000000004,0.4999999976835693
0.44899999999999984,0.4999999976644894
0.4500000000000002,0.4999999976454735
0.4509999999999996,0.4999999976265214
0.45199999999999996,0.4999999976076333
0.4530000000000003,0.4999999975888091
0.45399999999999974,0.4999999975700488
0.45500000000000007,0.4999999975513524
0.4560000000000004,0.49999999753272
0.45699999999999985,0.4999999975141515
0.4580000000000002,0.4999999974956469
0.45899999999999963,0.4999999974772062
0.45999999999999996,0.4999999974588294
0.4610000000000003,0.4999999974405167
0.46199999999999974,0.4999999974222678
0.4630000000000001,0.4999999974040827
0.4640000000000004,0.4999999973859617
0.46499999999999986,0.4999999973679045
0.4660000000000002,0.4999999973499112
0.46699999999999964,0.4999999973319819
0.46799999999999997,0.4999999973141166
0.4690000000000003,0.4999999972963151
0.46999999999999975,0.4999999972785776
0.4710000000000001,0.499999997260904
0.4720000000000004,0.4999999972432943
0.47299999999999986,0.4999999972257486
0.4740000000000002,0.4999999972082667
0.47499999999999964,0.4999999971908488
0.476,0.4999999971734949
0.4770000000000003,0.4999999971562046
0.47799999999999976,0.4999999971389786
0.4790000000000001,0.4999999971218163
0.4800000000000004,0.499999997104718
0.48099999999999987,0.4999999970876836
0.4820000000000002,0.4999999970707132
0.48299999999999965,0.4999999970538067
0.484,0.4999999970369641
0.4850000000000003,0.4999999970201854
0.48599999999999977,0.4999999970034705
0.4870000000000001,0.4999999969868197
0.48800000000000043,0.4999999969702328
0.4889999999999999,0.4999999969537098
0.4900000000000002,0.4999999969372507
0.49099999999999966,0.4999999969208556
0.492,0.4999999969045243
0.4930000000000003,0.499999996888257
0.4939999999999998,0.4999999968720535
0.4950000000000001,0.4999999968559141
0.49600000000000044,0.4999999968398386
0.4969999999999999,0.499999996823827
0.4980000000000002,0.4999999968078791
0.49899999999999967,0.4999999967919955
0.5,0.4999999967761756
0.5010000000000003,0.4999999967604196
0.5019999999999998,0.4999999967447277
0.5030000000000001,0.4999999967290995
0.5039999999999996,0.4999999967135353
0.5049999999999999,0.4999999966980351
0.5060000000000002,0.4999999966825989
0.5069999999999997,0.4999999966672264
0.508,0.4999999966519179
0.5090000000000003,0.4999999966366734
0.5099999999999998,0.4999999966214927
0.5110000000000001,0.4999999966063761
0.5119999999999996,0.4999999965913232
0.5129999999999999,0.4999999965763343
0.5140000000000002,0.4999999965614094
0.5149999999999997,0.4999999965465483
0.516,0.4999999965317514
0.5170000000000003,0.499999996517018
0.5179999999999998,0.4999999965023488
0.5190000000000001,0.4999999964877436
0.5199999999999996,0.4999999964732021
0.5209999999999999,0.4999999964587246
0.5220000000000002,0.499999996444311
0.5229999999999997,0.4999999964299615
0.524,0.4999999964156758
0.5250000000000004,0.4999999964014539
0.5259999999999998,0.499999996387296
0.5270000000000001,0.4999999963732021
0.5279999999999996,0.4999999963591721
0.5289999999999999,0.4999999963452059
0.5300000000000002,0.4999999963313038
0.5309999999999997,0.4999999963174655
0.532,0.4999999963036911
0.5330000000000004,0.4999999962899807
0.5339999999999998,0.4999999962763343
0.5350000000000001,0.4999999962627517
0.5359999999999996,0.499999996249233
0.5369999999999999,0.4999999962357783
0.5380000000000003,0.4999999962223874
0.5389999999999997,0.4999999962090606
0.54,0.4999999961957977
0.5410000000000004,0.4999999961825985
0.5419999999999998,0.4999999961694634
0.5430000000000001,0.4999999961563923
0.5439999999999996,0.499999996143385
0.5449999999999999,0.4999999961304417
0.5460000000000003,0.4999999961175622
0.5469999999999997,0.4999999961047467
0.548,0.4999999960919951
0.5490000000000004,0.4999999960793075
0.5499999999999998,0.4999999960666837
0.5510000000000002,0.4999999960541239
0.5519999999999996,0.499999996041628
0.5529999999999999,0.499999996029196
0.5540000000000003,0.4999999960168281
0.5549999999999997,0.4999999960045239
0.556,0.4999999959922837
0.5570000000000004,0.4999999959801075
0.5579999999999998,0.499999995967995
0.5590000000000002,0.4999999959559466
0.5599999999999996,0.499999995943962
0.5609999999999999,0.4999999959320415
0.5620000000000003,0.4999999959201848
0.5629999999999997,0.499999995908392
0.5640000000000001,0.4999999958966633
0.5650000000000004,0.4999999958849984
0.5659999999999998,0.4999999958733974
0.5670000000000002,0.4999999958618603
0.5679999999999996,0.4999999958503872
0.569,0.499999995838978
0.5700000000000003,0.4999999958276327
0.5709999999999997,0.4999999958163514
0.5720000000000001,0.4999999958051339
0.5730000000000004,0.4999999957939804
0.5739999999999998,0.4999999957828907
0.5750000000000002,0.499999995771865
0.5759999999999996,0.4999999957609033
0.577,0.4999999957500055
0.5780000000000003,0.4999999957391716
0.5789999999999997,0.4999999957284016
0.5800000000000001,0.4999999957176955
0.5810000000000004,0.4999999957070533
0.5819999999999999,0.4999999956964752
0.5830000000000002,0.4999999956859608
0.5839999999999996,0.4999999956755105
0.585,0.4999999956651239
0.5860000000000003,0.4999999956548015
0.5869999999999997,0.4999999956445429
0.5880000000000001,0.4999999956343482
0.5890000000000004,0.4999999956242174
0.5899999999999999,0.4999999956141506
0.5910000000000002,0.4999999956041477
0.5919999999999996,0.4999999955942087
0.593,0.4999999955843336
0.5940000000000003,0.4999999955745225
0.5949999999999998,0.4999999955647751
0.5960000000000001,0.4999999955550919
0.5970000000000004,0.4999999955454725
0.5979999999999999,0.4999999955359171
0.5990000000000002,0.4999999955264255
0.5999999999999996,0.499999995516998
0.601,0.4999999955076341
0.6020000000000003,0.4999999954983345
0.6029999999999998,0.4999999954890986
0.6040000000000001,0.4999999954799267
0.6050000000000004,0.4999999954708186
0.6059999999999999,0.4999999954617745
0.6070000000000002,0.4999999954527944
0.6079999999999997,0.4999999954438782
0.609,0.4999999954350259
0.6100000000000003,0.4999999954262376
0.6109999999999998,0.4999999954175131
0.6120000000000001,0.4999999954088524
0.6130000000000004,0.4999999954002558
0.6139999999999999,0.4999999953917232
0.6150000000000002,0.4999999953832544
0.6159999999999997,0.4999999953748495
0.617,0.4999999953665086
0.6180000000000003,0.4999999953582315
0.6189999999999998,0.4999999953500184
0.6200000000000001,0.4999999953418693
0.6210000000000004,0.4999999953337841
0.6219999999999999,0.4999999953257627
0.6230000000000002,0.4999999953178053
0.6239999999999997,0.4999999953099118
0.625,0.4999999953020823
0.6260000000000003,0.4999999952943165
0.6269999999999998,0.499999995286615
0.6280000000000001,0.4999999952789771
0.6289999999999996,0.4999999952714033
0.6299999999999999,0.4999999952638933
0.6310000000000002,0.4999999952564473
0.6319999999999997,0.4999999952490651
0.633,0.499999995241747
0.6340000000000003,0.4999999952344927
0.6349999999999998,0.4999999952273025
0.6360000000000001,0.499999995220176
0.6369999999999996,0.4999999952131136
0.6379999999999999,0.499999995206115
0.6390000000000002,0.4999999951991804
0.6399999999999997,0.4999999951923096
0.641,0.4999999951855029
0.6420000000000003,0.4999999951787599
0.6429999999999998,0.4999999951720809
0.6440000000000001,0.499999995165466
0.6449999999999996,0.4999999951589149
0.6459999999999999,0.4999999951524276
0.6470000000000002,0.4999999951460043
0.6479999999999997,0.4999999951396451
0.649,0.4999999951333496
0.6500000000000004,0.4999999951271181
0.6509999999999998,0.4999999951209506
0.6520000000000001,0.499999995114847
0.6529999999999996,0.4999999951088072
0.6539999999999999,0.4999999951028314
0.6550000000000002,0.4999999950969196
0.6559999999999997,0.4999999950910716
0.657,0.4999999950852875
0.6580000000000004,0.4999999950795674
0.6589999999999998,0.4999999950739112
0.6600000000000001,0.4999999950683189
0.6609999999999996,0.4999999950627905
0.6619999999999999,0.4999999950573261
0.6630000000000003,0.4999999950519257
0.6639999999999997,0.499999995046589
0.665,0.4999999950413164
0.6660000000000004,0.4999999950361076
0.6669999999999998,0.4999999950309629
0.6680000000000001,0.499999995025882
0.6689999999999996,0.499999995020865
0.6699999999999999,0.4999999950159119
0.6710000000000003,0.4999999950110228
0.6719999999999997,0.4999999950061976
0.673,0.4999999950014364
0.6740000000000004,0.499999994996739
0.6749999999999998,0.4999999949921056
0.6760000000000002,0.4999999949875361
0.6769999999999996,0.4999999949830304
0.6779999999999999,0.4999999949785887
0.6790000000000003,0.499999994974211
0.6799999999999997,0.4999999949698972
0.681,0.4999999949656472
0.6820000000000004,0.4999999949614614
0.6829999999999998,0.4999999949573393
0.6840000000000002,0.4999999949532811
0.6849999999999996,0.4999999949492869
0.6859999999999999,0.4999999949453566
0.6870000000000003,0.4999999949414902
0.6879999999999997,0.4999999949376878
0.6890000000000001,0.4999999949339493
0.6900000000000004,0.4999999949302747
0.6909999999999998,0.499999994926664
0.6920000000000002,0.4999999949231173
0.6929999999999996,0.4999999949196344
0.694,0.4999999949162156
0.6950000000000003,0.4999999949128605
0.6959999999999997,0.4999999949095696
0.6970000000000001,0.4999999949063424
0.6980000000000004,0.4999999949031791
0.6989999999999998,0.4999999949000798
0.7000000000000002,0.4999999948970445
0.7009999999999996,0.499999994894073
0.702,0.4999999948911654
0.7030000000000003,0.4999999948883219
0.7039999999999997,0.4999999948855421
0.7050000000000001,0.4999999948828263
0.7060000000000004,0.4999999948801745
0.7069999999999999,0.4999999948775867
0.7080000000000002,0.4999999948750626
0.7089999999999996,0.4999999948726026
0.71,0.4999999948702065
0.7110000000000003,0.4999999948678742
0.7119999999999997,0.4999999948656059
0.7130000000000001,0.4999999948634016
0.7140000000000004,0.499999994861261
0.7149999999999999,0.4999999948591845
0.7160000000000002,0.4999999948571718
0.7169999999999996,0.4999999948552232
0.718,0.4999999948533383
0.7190000000000003,0.4999999948515175
0.7199999999999998,0.4999999948497606
0.7210000000000001,0.4999999948480676
0.7220000000000004,0.4999999948464385
0.7229999999999999,0.4999999948448734
0.7240000000000002,0.4999999948433723
0.7249999999999996,0.4999999948419349
0.726,0.4999999948405614
0.7270000000000003,0.499999994839252
0.7279999999999998,0.4999999948380065
0.7290000000000001,0.4999999948368248
0.7300000000000004,0.4999999948357071
0.7309999999999999,0.4999999948346534
0.7320000000000002,0.4999999948336635
0.7329999999999997,0.4999999948327375
0.734,0.4999999948318756
0.7350000000000003,0.4999999948310775
0.7359999999999998,0.4999999948303432
0.7370000000000001,0.4999999948296731
0.7380000000000004,0.4999999948290668
0.7389999999999999,0.4999999948285243
0.7400000000000002,0.4999999948280458
0.7409999999999997,0.4999999948276312
0.742,0.4999999948272806
0.7430000000000003,0.4999999948269939
0.7439999999999998,0.4999999948267711
0.7450000000000001,0.4999999948266123
0.7460000000000004,0.4999999948265174
0.7469999999999999,0.4999999948264863
0.7480000000000002,0.4999999948265192
0.7489999999999997,0.499999994826616
0.75,0.4999999948267768
0.7510000000000003,0.4999999948270015
0.7519999999999998,0.4999999948272901
0.7530000000000001,0.4999999948276426
0.7539999999999996,0.499999994828059
0.7549999999999999,0.4999999948285394
0.7560000000000002,0.4999999948290837
0.7569999999999997,0.4999999948296918
0.758,0.4999999948303639
0.7590000000000003,0.4999999948310999
0.7599999999999998,0.4999999948318999
0.7610000000000001,0.4999999948327638
0.7619999999999996,0.4999999948336917
0.7629999999999999,0.4999999948346834
0.7640000000000002,0.499999994835739
0.7649999999999997,0.4999999948368586
0.766,0.4999999948380422
0.7670000000000003,0.4999999948392896
0.7679999999999998,0.4999999948406008
0.7690000000000001,0.4999999948419762
0.7699999999999996,0.4999999948434155
0.7709999999999999,0.4999999948449185
0.7720000000000002,0.4999999948464856
0.7729999999999997,0.4999999948481165
0.774,0.4999999948498114
0.7750000000000004,0.4999999948515702
0.7759999999999998,0.499999994853393
0.7770000000000001,0.4999999948552796
0.7779999999999996,0.4999999948572302
0.7789999999999999,0.4999999948592447
0.7800000000000002,0.499999994861323
0.7809999999999997,0.4999999948634654
0.782,0.4999999948656717
0.7830000000000004,0.4999999948679419
0.7839999999999998,0.4999999948702759
0.7850000000000001,0.4999999948726739
0.7859999999999996,0.499999994875136
0.7869999999999999,0.4999999948776618
0.7880000000000003,0.4999999948802516
0.7889999999999997,0.4999999948829053
0.79,0.499999994885623
0.7910000000000004,0.4999999948884046
0.7919999999999998,0.49999999489125
0.7930000000000001,0.4999999948941595
0.7939999999999996,0.4999999948971327
0.7949999999999999,0.4999999949001699
0.7960000000000003,0.4999999949032712
0.7969999999999997,0.4999999949064364
0.798,0.4999999949096653
0.7990000000000004,0.4999999949129582
0.7999999999999998,0.4999999949163151
0.8010000000000002,0.499999994919736
0.8019999999999996,0.4999999949232207
0.8029999999999999,0.4999999949267693
0.8040000000000003,0.4999999949303818
0.8049999999999997,0.4999999949340584
0.806,0.4999999949377987
0.8070000000000004,0.499999994941603
0.8079999999999998,0.4999999949454713
0.8090000000000002,0.4999999949494034
0.8099999999999996,0.4999999949533995
0.8109999999999999,0.4999999949574596
0.8120000000000003,0.4999999949615835
0.8129999999999997,0.4999999949657713
0.8140000000000001,0.4999999949700231
0.8150000000000004,0.4999999949743388
0.8159999999999998,0.4999999949787184
0.8170000000000002,0.4999999949831619
0.8179999999999996,0.4999999949876695
0.819,0.4999999949922408
0.8200000000000003,0.4999999949968761
0.8209999999999997,0.4999999950015754
0.8220000000000001,0.4999999950063386
0.8230000000000004,0.4999999950111656
0.8239999999999998,0.4999999950160566
0.8250000000000002,0.4999999950210116
0.8259999999999996,0.4999999950260304
0.827,0.4999999950311133
0.8280000000000003,0.49999999503626
0.8289999999999997,0.4999999950414706
0.8300000000000001,0.499999995046745
0.8310000000000004,0.4999999950520836
0.8319999999999999,0.4999999950574859
0.8330000000000002,0.4999999950629522
0.8339999999999996,0.4999999950684825
0.835,0.4999999950740766
0.8360000000000003,0.4999999950797347
0.8369999999999997,0.4999999950854567
0.8380000000000001,0.4999999950912426
0.8390000000000004,0.4999999950970924
0.8399999999999999,0.4999999951030062
0.8410000000000002,0.4999999951089839
0.8419999999999996,0.4999999951150255
0.843,0.499999995121131
0.8440000000000003,0.4999999951273005
0.8449999999999998,0.4999999951335338
0.8460000000000001,0.4999999951398311
0.8470000000000004,0.4999999951461924
0.8479999999999999,0.4999999951526176
0.8490000000000002,0.4999999951591066
0.8499999999999996,0.4999999951656596
0.851,0.4999999951722764
0.8520000000000003,0.4999999951789573
0.8529999999999998,0.499999995185702
0.8540000000000001,0.4999999951925108
0.8550000000000004,0.4999999951993834
0.8559999999999999,0.4999999952063199
0.8570000000000002,0.4999999952133203
0.8579999999999997,0.4999999952203846
0.859,0.4999999952275129
0.8600000000000003,0.4999999952347052
0.8609999999999998,0.4999999952419613
0.8620000000000001,0.4999999952492813
0.8630000000000004,0.4999999952566654
0.8639999999999999,0.4999999952641133
0.8650000000000002,0.4999999952716251
0.8659999999999997,0.4999999952792008
0.867,0.4999999952868405
0.8680000000000003,0.499999995294544
0.8689999999999998,0.4999999953023117
0.8700000000000001,0.499999995310143
0.8710000000000004,0.4999999953180384
0.8719999999999999,0.4999999953259977
0.8730000000000002,0.499999995334021
0.8739999999999997,0.499999995342108
0.875,0.499999995350259
0.8760000000000003,0.499999995358474
0.8769999999999998,0.499999995366753
0.8780000000000001,0.4999999953750957
0.8789999999999996,0.4999999953835024
0.8799999999999999,0.4999999953919732
0.8810000000000002,0.4999999954005077
0.8819999999999997,0.4999999954091063
0.883,0.4999999954177687
0.8840000000000003,0.499999995426495
0.8849999999999998,0.4999999954352853
0.8860000000000001,0.4999999954441395
0.8869999999999996,0.4999999954530575
0.8879999999999999,0.4999999954620397
0.8890000000000002,0.4999999954710855
0.8899999999999997,0.4999999954801955
0.891,0.4999999954893692
0.8920000000000003,0.499999995498607
0.8929999999999998,0.4999999955079087
0.8940000000000001,0.4999999955172743
0.8949999999999996,0.4999999955267038
0.8959999999999999,0.4999999955361971
0.8970000000000002,0.4999999955457545
0.8979999999999997,0.4999999955553758
0.899,0.4999999955650609
0.9000000000000004,0.49999999557481
0.9009999999999998,0.4999999955846231
0.9020000000000001,0.4999999955945
0.9029999999999996,0.4999999956044409
0.9039999999999999,0.4999999956144457
0.9050000000000002,0.4999999956245145
0.9059999999999997,0.4999999956346471
0.907,0.4999999956448437
0.9080000000000004,0.4999999956551042
0.9089999999999998,0.4999999956654285
0.9100000000000001,0.4999999956758168
0.9109999999999996,0.4999999956862691
0.9119999999999999,0.4999999956967853
0.9130000000000003,0.4999999957073655
0.9139999999999997,0.4999999957180094
0.915,0.4999999957287173
0.9160000000000004,0.4999999957394893
0.9169999999999998,0.499999995750325
0.9180000000000001,0.4999999957612247
0.9189999999999996,0.4999999957721884
0.9199999999999999,0.499999995783216
0.9210000000000003,0.4999999957943074
0.9219999999999997,0.4999999958054628
0.923,0.4999999958166821
0.9240000000000004,0.4999999958279653
0.9249999999999998,0.4999999958393126
0.9260000000000002,0.4999999958507236
0.9269999999999996,0.4999999958621987
0.9279999999999999,0.4999999958737376
0.9290000000000003,0.4999999958853404
0.9299999999999997,0.4999999958970072
0.931,0.4999999959087379
0.9320000000000004,0.4999999959205326
0.9329999999999998,0.4999999959323911
0.9340000000000002,0.4999999959443135
0.9349999999999996,0.4999999959563
0.9359999999999999,0.4999999959683504
0.9370000000000003,0.4999999959804645
0.9379999999999997,0.4999999959926427
0.9390000000000001,0.4999999960048848
0.9400000000000004,0.4999999960171908
0.9409999999999998,0.4999999960295607
0.9420000000000002,0.4999999960419946
0.9429999999999996,0.4999999960544923
0.944,0.499999996067054
0.9450000000000003,0.4999999960796797
0.9459999999999997,0.4999999960923692
0.9470000000000001,0.4999999961051226
0.9480000000000004,0.4999999961179401
0.9489999999999998,0.4999999961308214
0.9500000000000002,0.4999999961437666
0.9509999999999996,0.4999999961567757
0.952,0.4999999961698489
0.9530000000000003,0.4999999961829859
0.9539999999999997,0.4999999961961867
0.9550000000000001,0.4999999962094516
0.9560000000000004,0.4999999962227804
0.9569999999999999,0.499999996236173
0.9580000000000002,0.4999999962496296
0.9589999999999996,0.4999999962631502
0.96,0.4999999962767346
0.9610000000000003,0.4999999962903831
0.9619999999999997,0.4999999963040953
0.9630000000000001,0.4999999963178716
0.9640000000000004,0.4999999963317117
0.9649999999999999,0.4999999963456156
0.9660000000000002,0.4999999963595837
0.9669999999999996,0.4999999963736156
0.968,0.4999999963877114
0.9690000000000003,0.4999999964018713
0.9699999999999998,0.4999999964160949
0.9710000000000001,0.4999999964303825
0.9720000000000004,0.499999996444734
0.9729999999999999,0.4999999964591494
0.9740000000000002,0.4999999964736289
0.9749999999999996,0.4999999964881721
0.976,0.4999999965027794
0.9770000000000003,0.4999999965174504
0.9779999999999998,0.4999999965321855
0.9790000000000001,0.4999999965469844
0.9800000000000004,0.4999999965618473
0.9809999999999999,0.4999999965767742
0.9820000000000002,0.4999999965917651
0.9829999999999997,0.4999999966068197
0.984,0.4999999966219382
0.9850000000000003,0.4999999966371207
0.9859999999999998,0.4999999966523672
0.9870000000000001,0.4999999966676776
0.9880000000000004,0.4999999966830518
0.9889999999999999,0.49999999669849
0.9900000000000002,0.4999999967139921
0.9909999999999997,0.4999999967295582
0.992,0.4999999967451882
0.9930000000000003,0.4999999967608821
0.9939999999999998,0.4999999967766399
0.9950000000000001,0.4999999967924615
0.9960000000000004,0.4999999968083472
0.9969999999999999,0.4999999968242969
0.9980000000000002,0.4999999968403103
0.9989999999999997,0.4999999968563878
1.0,0.4999999968725292
1.0,0.4999999968725291
1.0,0.5021113192581946
1.0010000000000003,0.446135638029718
1.0019999999999998,0.3603292177570984
1.0030000000000001,0.2855671890362978
1.0039999999999996,0.2277376307291605
1.005,0.2026843049513548
1.0060000000000002,0.2217577703268138
1.0069999999999997,0.2717540701453549
1.008,0.3196253496886916
1.0090000000000003,0.3365840274916807
1.0099999999999998,0.315771562208733
1.0110000000000001,0.2740106293646948
1.0119999999999996,0.2388714897793044
1.013,0.2307370972856995
1.0140000000000002,0.2514463748738017
1.0149999999999997,0.2852981570105182
1.016,0.3104993776189521
1.0170000000000003,0.3129431191586773
1.0179999999999998,0.2938024230418351
1.0190000000000001,0.2670874661435173
1.0199999999999996,0.2497575634543175
1.021,0.2512169553757617
1.0220000000000002,0.268500854957286
1.0229999999999997,0.2894873019486867
1.024,0.3012084346997653
1.0250000000000004,0.2977469581801055
1.0259999999999998,0.2829829200009319
1.0270000000000001,0.2671505665780449
1.0279999999999996,0.2599566183666723
1.029,0.2648145680621625
1.0300000000000002,0.2775116516505995
1.0309999999999997,0.2896096651059907
1.032,0.2939957837525795
1.0330000000000004,0.2890037345170402
1.0339999999999998,0.2787930004660486
1.0350000000000001,0.2701853863601156
1.0359999999999996,0.2682634584904759
1.037,0.27351607320652
1.0380000000000003,0.2820690274586508
1.0389999999999997,0.2885101471631708
1.04,0.2893157232217408
1.0410000000000004,0.28475148209479
1.0419999999999998,0.2782803752090975
1.0430000000000001,0.2741175210834003
1.0439999999999996,0.2746124267252433
1.045,0.2790506562660065
1.0460000000000003,0.2844327201431266
1.0469999999999997,0.2875365548500345
1.048,0.2868781843666217
1.0490000000000004,0.2834043488210433
1.0499999999999998,0.2796481776011659
1.0510000000000002,0.278026300193824
1.0519999999999996,0.2793954888015947
1.053,0.2827188910737484
1.0540000000000003,0.2859070705960914
1.0549999999999997,0.2871936767641667
1.056,0.2861592713876163
1.0570000000000004,0.2838283137120365
1.0579999999999998,0.281887677207487
1.0590000000000002,0.2815974412017096
1.0599999999999996,0.2830831658249808
1.061,0.2853908922255362
1.0620000000000003,0.287184169653476
1.0629999999999997,0.2875907816150489
1.064,0.286673058174452
1.0650000000000004,0.2852829618993801
1.0659999999999998,0.2844596136553139
1.0670000000000002,0.2847836301036878
1.0679999999999996,0.2860811003545989
1.069,0.2876148649736228
1.0700000000000003,0.2885919523292053
1.0709999999999997,0.2886463114969267
1.072,0.2880092267372685
1.0730000000000004,0.2873010798272909
1.0739999999999998,0.2871157571805711
1.0750000000000002,0.2876650809992417
1.0759999999999996,0.2887033630061195
1.077,0.2897114695322806
1.0780000000000003,0.2902520494864855
1.0789999999999997,0.2902205201601501
1.08,0.2898672897868698
1.0810000000000004,0.2896088856521716
1.0819999999999999,0.2897617188022504
1.0830000000000002,0.2903571902438997
1.0839999999999996,0.2911593540429029
1.085,0.2918359792708394
1.0860000000000003,0.2921666304641887
1.0869999999999997,0.2921672483155288
1.088,0.2920494459090125
1.0890000000000004,0.2920738205855979
1.0899999999999999,0.2923888064256712
1.0910000000000002,0.2929498938365013
1.0919999999999996,0.2935706241396792
1.093,0.2940514061819004
1.0940000000000003,0.2943001365518509
1.0949999999999998,0.2943753270785206
1.096,0.2944344554221842
1.0970000000000004,0.2946273374882647
1.0979999999999999,0.295006405869419
1.0990000000000002,0.2955085647445772
1.0999999999999996,0.2960036721071906
1.101,0.2963802301201033
1.1020000000000003,0.2966123385121777
1.1029999999999998,0.2967662025374002
1.104,0.2969456260102786
1.1050000000000004,0.2972282153121232
1.1059999999999999,0.2976242004153437
1.1070000000000002,0.2980717915654828
1.1079999999999997,0.2984870939390998
1.109,0.2988170141611028
1.1100000000000003,0.2990644575345113
1.1109999999999998,0.2992837593710247
1.112,0.2995387743113485
1.1130000000000004,0.2998665884335113
1.1139999999999999,0.3002562070567948
1.1150000000000002,0.3006620484337945
1.1159999999999997,0.3010325062505309
1.117,0.3013467287809213
1.1180000000000003,0.3016184101135254
1.1189999999999998,0.3018857097107974
1.12,0.3021868618143273
1.1210000000000004,0.3025352543341813
1.1219999999999999,0.3029126138711012
1.1230000000000002,0.3032887643357279
1.1239999999999997,0.3036370704858026
1.125,0.3039499639912646
1.1260000000000003,0.3042446323068206
1.1269999999999998,0.3045469037700086
1.1280000000000001,0.3048742520821961
1.1289999999999996,0.3052282848449587
1.13,0.3055937118720801
1.1310000000000002,0.3059531833816368
1.1319999999999997,0.306294673066393
1.133,0.3066164723654815
1.1340000000000003,0.3069291709874202
1.1349999999999998,0.3072491718125614
1.1360000000000001,0.3075875768121754
1.1369999999999996,0.3079427343091619
1.138,0.3083029472093058
1.1390000000000002,0.3086552274229568
1.1399999999999997,0.3089933915930386
1.141,0.3093206999159614
1.1420000000000003,0.3096462627756095
1.1429999999999998,0.309979705275634
1.1440000000000001,0.3103259345605413
1.1449999999999996,0.3106807895296184
1.146,0.3110365249347786
1.1470000000000002,0.311385097001367
1.1479999999999997,0.3117233683279083
1.149,0.312055356210938
1.1500000000000004,0.3123892969724807
1.1509999999999998,0.3127314638074874
1.1520000000000001,0.3130820676250104
1.1529999999999996,0.3134362618715514
1.154,0.3137877262646787
1.1550000000000002,0.3141328893302095
1.1559999999999997,0.3144724861286766
1.157,0.3148107341207531
1.1580000000000004,0.3151521924348021
1.1589999999999998,0.3154989432431388
1.1600000000000001,0.3158497429555397
1.1609999999999996,0.3162011282521158
1.162,0.3165497858777201
1.1630000000000003,0.3168945660653114
1.1639999999999997,0.3172368631265797
1.165,0.3175794168208482
1.1660000000000004,0.3179245485382233
1.1669999999999998,0.3182728642173621
1.1680000000000001,0.318622861951109
1.1689999999999996,0.3189724608045605
1.17,0.3193198362398455
1.1710000000000003,0.3196647213014079
1.1719999999999997,0.3200087905560028
1.173,0.3203533953379154
1.1740000000000004,0.3206998303670563
1.1749999999999998,0.3210483118683604
1.1760000000000002,0.3213972726806601
1.1769999999999996,0.3217448792330463
1.178,0.3220912832029494
1.1790000000000003,0.3224370094573694
1.1799999999999997,0.3227827807146382
1.181,0.3231287261058456
1.1820000000000004,0.323474809759355
1.1829999999999998,0.3238210098932787
1.1840000000000002,0.3241670686304593
1.1849999999999996,0.3245128890669533
1.186,0.3248586968498662
1.1870000000000003,0.3252043964339738
1.1879999999999997,0.3255496792675837
1.189,0.3258949494267798
1.1900000000000004,0.3262402015112401
1.1909999999999998,0.326584917364214
1.1920000000000002,0.32692962055201
1.1929999999999996,0.3272743110344557
1.194,0.3276187455570346
1.1950000000000003,0.3279629834439803
1.1959999999999997,0.3283070623477067
1.197,0.3286509822840256
1.1980000000000004,0.3289947432688123
1.1989999999999998,0.3293383453180073
1.2000000000000002,0.3296817185897108
1.2009999999999996,0.3300248211193459
1.202,0.3303677209841522
1.2030000000000003,0.3307104182088652
1.2039999999999997,0.3310529128182959
1.205,0.3313952048373309
1.2060000000000004,0.3317372787513663
1.2069999999999999,0.332078992311502
1.2080000000000002,0.3324204575729384
1.2089999999999996,0.3327616745625344
1.21,0.3331026433072422
1.2110000000000003,0.3334433638341051
1.2119999999999997,0.333783836170258
1.213,0.3341239509887331
1.2140000000000004,0.3344637437247851
1.2149999999999999,0.3348032469328003
1.2160000000000002,0.3351424606450598
1.2169999999999996,0.3354813848939446
1.218,0.3358200197119369
1.2190000000000003,0.3361583378645085
1.2199999999999998,0.3364962989942272
1.221,0.3368339331555742
1.2220000000000004,0.3371712355238922
1.2229999999999999,0.337508201275281
1.2240000000000002,0.3378448255865997
1.2249999999999996,0.3381811036596991
1.226,0.3385170322422932
1.2270000000000003,0.3388526056208783
1.2279999999999998,0.3391878190690802
1.229,0.3395226678610245
1.2300000000000004,0.3398571472713361
1.2309999999999999,0.3401912525751429
1.2320000000000002,0.3405249864893679
1.2329999999999997,0.3408583450178973
1.234,0.3411913210751703
1.2350000000000003,0.3415239106630381
1.2359999999999998,0.3418561097839683
1.237,0.3421879144410477
1.2380000000000004,0.3425193206379804
1.2389999999999999,0.3428503243790891
1.2400000000000002,0.3431809216693173
1.2409999999999997,0.3435111085142271
1.242,0.3438408809200021
1.2430000000000003,0.3441702348934467
1.2439999999999998,0.3444991664419854
1.245,0.3448276919543289
1.2460000000000004,0.3451557938861193
1.2469999999999999,0.345483467426349
1.2480000000000002,0.3458107090629566
1.2489999999999997,0.3461375152843441
1.25,0.3464638825793777
1.2510000000000003,0.3467898074373891
1.2519999999999998,0.347115286348174
1.2530000000000001,0.3474403158019952
1.2539999999999996,0.3477648922895797
1.255,0.348089012302122
1.2560000000000002,0.3484126723312821
1.2569999999999997,0.3487358766911134
1.258,0.3490586491758433
1.2590000000000003,0.3493809606071798
1.2599999999999998,0.3497028081560752
1.2610000000000001,0.3500241889938311
1.2619999999999996,0.3503451002920956
1.263,0.3506655392228668
1.2640000000000002,0.3509855029584899
1.2649999999999997,0.3513049886716584
1.266,0.3516239935354152
1.2670000000000003,0.3519425147231502
1.2679999999999998,0.3522605494086016
1.2690000000000001,0.3525780947658569
1.2699999999999996,0.3528951657897078
1.271,0.353211767213271
1.2720000000000002,0.3535278799879079
1.2729999999999997,0.3538435019325403
1.274,0.3541586308663346
1.2750000000000004,0.3544732646086991
1.2759999999999998,0.3547874009792855
1.2770000000000001,0.3551010377979892
1.2779999999999996,0.3554141728849466
1.279,0.355726804060538
1.2800000000000002,0.3560389291453844
1.2809999999999997,0.3563505459603487
1.282,0.3566616523265362
1.2830000000000004,0.3569722703865741
1.2839999999999998,0.3572823877993429
1.2850000000000001,0.3575919960929873
1.2859999999999996,0.3579010936318234
1.287,0.3582096787803218
1.2880000000000003,0.358517749903106
1.2889999999999997,0.3588253053649519
1.29,0.359132343530789
1.2910000000000004,0.3594388627656984
1.2919999999999998,0.3597448614349124
1.2930000000000001,0.3600503379038156
1.2939999999999996,0.360355290537943
1.295,0.3606597182603
1.2960000000000003,0.3609636362294679
1.2969999999999997,0.3612670305133958
1.298,0.3615699000949483
1.2990000000000004,0.3618722439869737
1.2999999999999998,0.3621740612322978
1.3010000000000002,0.3624753509037194
1.3019999999999996,0.3627761121040002
1.303,0.3630763439658624
1.3040000000000003,0.3633760456519793
1.3049999999999997,0.3636752163549702
1.306,0.3639738552973944
1.3070000000000004,0.3642719617317434
1.3079999999999998,0.3645695349404353
1.3090000000000002,0.3648665742358093
1.3099999999999996,0.3651630789601171
1.311,0.3654590484855189
1.3120000000000003,0.3657544822140753
1.3129999999999997,0.3660493795777411
1.314,0.3663437400383603
1.3150000000000004,0.3666375630876582
1.3159999999999998,0.3669308482472349
1.3170000000000002,0.3672235950685611
1.3179999999999996,0.3675158031329686
1.319,0.367807472051647
1.3200000000000003,0.3680986014656348
1.3209999999999997,0.3683891932082309
1.322,0.3686792468368364
1.3230000000000004,0.3689687607388812
1.3239999999999998,0.3692577347269905
1.3250000000000002,0.369546168645312
1.3259999999999996,0.3698340623695076
1.327,0.3701214158067497
1.3280000000000003,0.3704082288957131
1.3289999999999997,0.3706945016065697
1.33,0.370980233940983
1.3310000000000004,0.3712654259321
1.3319999999999999,0.3715500776445469
1.3330000000000002,0.3718341891744225
1.3339999999999996,0.3721177606492916
1.335,0.3724007922281793
1.3360000000000003,0.3726832841015649
1.3369999999999997,0.3729652364913753
1.338,0.3732466496509801
1.3390000000000004,0.3735275238651844
1.3399999999999999,0.3738078594502225
1.3410000000000002,0.3740876567537539
1.3419999999999996,0.3743669161548544
1.343,0.3746456380640126
1.3440000000000003,0.3749237991866383
1.3449999999999998,0.3752014080550052
1.346,0.3754784748859451
1.3470000000000004,0.3757549998053585
1.3479999999999999,0.3760309829589497
1.3490000000000002,0.3763064245122222
1.3499999999999996,0.3765813246504752
1.351,0.3768556835788012
1.3520000000000003,0.3771295015220808
1.3529999999999998,0.377402778724981
1.354,0.3776755154519513
1.3550000000000004,0.3779477119872197
1.3559999999999999,0.3782193686347897
1.3570000000000002,0.3784904857184378
1.3579999999999997,0.3787610635817085
1.359,0.3790311025879121
1.3600000000000003,0.379300603120121
1.3609999999999998,0.3795695655811662
1.362,0.3798379903936347
1.3630000000000004,0.3801058779998648
1.3639999999999999,0.3803732288619441
1.3650000000000002,0.3806400434617058
1.3659999999999997,0.3809063223007246
1.367,0.3811720527927125
1.3680000000000003,0.3814372425338308
1.3689999999999998,0.3817018953031037
1.37,0.381966011492408
1.3710000000000004,0.3822295915083019
1.3719999999999999,0.3824926357720237
1.3730000000000002,0.3827551447194898
1.3739999999999997,0.3830171188012906
1.375,0.38327855848269
1.3760000000000003,0.383539464243622
1.3769999999999998,0.3837998365786875
1.3780000000000001,0.3840596759971545
1.3789999999999996,0.3843189830229521
1.38,0.3845777581946718
1.3810000000000002,0.3848360020655622
1.3819999999999997,0.3850937152035279
1.383,0.3853508981911277
1.3840000000000003,0.3856075516255711
1.3849999999999998,0.385863676118716
1.3860000000000001,0.3861192722970681
1.3869999999999996,0.3863743408017757
1.388,0.3866288822886304
1.3890000000000002,0.3868828974280625
1.3899999999999997,0.3871363735958848
1.391,0.3873893206720371
1.3920000000000003,0.3876417409227078
1.3929999999999998,0.3878936349040949
1.3940000000000001,0.3881450031823425
1.3949999999999996,0.388395846333537
1.396,0.3886461649437077
1.3970000000000002,0.3888959596088244
1.3979999999999997,0.3891452309347959
1.399,0.3893939795374701
1.4000000000000004,0.3896422060426311
1.4009999999999998,0.3898899110859984
1.4020000000000001,0.3901370953132262
1.4029999999999996,0.3903837593799012
1.404,0.3906299039515423
1.4050000000000002,0.3908755297035984
1.4059999999999997,0.3911206373214471
1.407,0.3913652275003947
1.4080000000000004,0.3916093009456734
1.4089999999999998,0.3918528583724408
1.4100000000000001,0.3920959005057789
1.4109999999999996,0.3923384280806917
1.412,0.3925804418421059
1.4130000000000003,0.3928219342806627
1.4139999999999997,0.3930629128737441
1.415,0.3933033785075858
1.4160000000000004,0.3935433318706066
1.4169999999999998,0.3937827736585399
1.4180000000000001,0.3940217045744328
1.4189999999999996,0.3942601253286452
1.42,0.39449803663885
1.4210000000000003,0.3947354392300308
1.4219999999999997,0.3949723338344825
1.423,0.3952087211918104
1.4240000000000004,0.3954446020489288
1.4249999999999998,0.3956799771600608
1.4260000000000002,0.3959148472867381
1.4269999999999996,0.3961492131977994
1.428,0.3963830756693905
1.4290000000000003,0.3966164354849627
1.4299999999999997,0.3968492934352729
1.431,0.3970816503183832
1.4320000000000004,0.3973135069396591
1.4329999999999998,0.3975448641117697
1.4340000000000002,0.3977757226546872
1.4349999999999996,0.3980060829443037
1.436,0.3982359397441906
1.4370000000000003,0.3984652993188105
1.4379999999999997,0.3986941624411833
1.439,0.3989225298895156
1.4400000000000004,0.3991504024471997
1.4409999999999998,0.3993777809028139
1.4420000000000002,0.3996046660501221
1.4429999999999996,0.3998310586880734
1.444,0.4000569596208023
1.4450000000000003,0.4002823696576275
1.4459999999999997,0.4005072896130518
1.447,0.4007317203067629
1.4480000000000004,0.4009556625636317
1.4489999999999998,0.4011791172137127
1.4500000000000002,0.4014020850922442
1.4509999999999996,0.4016245670396466
1.452,0.4018465639015238
1.4530000000000003,0.4020680765286618
1.4539999999999997,0.4022891057770286
1.455,0.4025096525077747
1.4560000000000004,0.402729717587232
1.4569999999999999,0.4029493018869131
1.4580000000000002,0.4031684056536736
1.4589999999999996,0.4033870268453745
1.46,0.4036051691523808
1.4610000000000003,0.403822833399746
1.4619999999999997,0.4040400204144715
1.463,0.4042567310254402
1.4640000000000004,0.404472966063348
1.4649999999999999,0.4046887263606365
1.4660000000000002,0.4049040127514272
1.4669999999999996,0.4051188260714517
1.468,0.405333167157987
1.4690000000000003,0.4055470368497865
1.4699999999999998,0.4057604359870134
1.471,0.4059733654111737
1.4720000000000004,0.4061858259650482
1.4729999999999999,0.4063978184926256
1.4740000000000002,0.4066093438390365
1.4749999999999996,0.4068204028504838
1.476,0.4070309963741781
1.4770000000000003,0.4072411252582687
1.4779999999999998,0.4074507903517767
1.479,0.4076599925045292
1.4800000000000004,0.4078687325670905
1.4809999999999999,0.4080770113906957
1.4820000000000002,0.4082848298271841
1.4829999999999997,0.4084921887289311
1.484,0.4086990889487817
1.4850000000000003,0.4089055313399836
1.4859999999999998,0.4091115167561194
1.487,0.4093170460510406
1.4880000000000004,0.4095221200787998
1.4889999999999999,0.4097267396935835
1.4900000000000002,0.4099309057496461
1.4909999999999997,0.4101346191012417
1.492,0.4103378806025584
1.4930000000000003,0.4105406911076498
1.4939999999999998,0.410743051470369
1.495,0.4109449625443022
1.4960000000000004,0.4111464251827001
1.4969999999999999,0.4113474402384124
1.4980000000000002,0.4115480085638205
1.4989999999999997,0.4117481310107698
1.5,0.4119478084305045
1.5010000000000003,0.4121470416735987
1.5019999999999998,0.4123458315898908
1.5030000000000001,0.4125441790284168
1.5039999999999996,0.4127420848127004
1.505,0.4129395497656324
1.5060000000000002,0.4131365747744589
1.5069999999999997,0.4133331606838813
1.508,0.4135293083374506
1.5090000000000003,0.4137250185774991
1.5099999999999998,0.4139202922450743
1.5110000000000001,0.4141151301798717
1.5119999999999996,0.4143095332201682
1.513,0.4145035022027548
1.5140000000000002,0.4146970379628693
1.5149999999999997,0.4148901413341304
1.516,0.4150828131484702
1.5170000000000003,0.4152750542360675
1.5179999999999998,0.4154668654252804
1.5190000000000001,0.4156582475425805
1.5199999999999996,0.4158492014124847
1.521,0.4160397278574902
1.5220000000000002,0.4162298276980056
1.5229999999999997,0.4164195017522849
1.524,0.4166087508363622
1.5250000000000004,0.4167975757639824
1.5259999999999998,0.4169859773465353
1.5270000000000001,0.4171739563929904
1.5279999999999996,0.4173615137098278
1.529,0.4175486501009729
1.5300000000000002,0.4177353663677292
1.5309999999999997,0.4179216633087114
1.532,0.418107541719779
1.5330000000000004,0.4182930023939697
1.5339999999999998,0.4184780461214317
1.5350000000000001,0.4186626736893589
1.5359999999999996,0.4188468858819222
1.537,0.4190306834802039
1.5380000000000003,0.419214067262131
1.5389999999999997,0.4193970380024079
1.54,0.4195795964724511
1.5410000000000004,0.4197617434403207
1.5419999999999998,0.4199434796706552
1.5430000000000001,0.4201248059246047
1.5439999999999996,0.4203057229597631
1.545,0.4204862315301038
1.5460000000000003,0.4206663323859103
1.5469999999999997,0.4208460262737116
1.548,0.4210253139362155
1.5490000000000004,0.4212041961122406
1.5499999999999998,0.4213826848525951
1.5510000000000002,0.421560780276497
1.5519999999999996,0.4217384745035988
1.553,0.4219157683608345
1.5540000000000003,0.4220926626738115
1.5549999999999997,0.4222691582667799
1.556,0.4224452559626024
1.5570000000000004,0.4226209565827233
1.5579999999999998,0.4227962609471366
1.5590000000000002,0.4229711698743572
1.5599999999999996,0.423145684181388
1.561,0.4233198046836907
1.5620000000000003,0.4234935321951537
1.5629999999999997,0.4236668675280621
1.564,0.423839811493067
1.5650000000000004,0.4240123648991543
1.5659999999999998,0.4241845285536133
1.5670000000000002,0.4243563032620076
1.5679999999999996,0.4245276898281427
1.569,0.424698689054036
1.5700000000000003,0.4248693017398855
1.5709999999999997,0.4250395286840397
1.572,0.4252093706829662
1.5730000000000004,0.4253788285312212
1.5739999999999998,0.4255479030214185
1.5750000000000002,0.4257165949441994
1.5759999999999996,0.4258849050882003
1.577,0.4260528342400247
1.5780000000000003,0.4262203831842091
1.5789999999999997,0.4263875527031945
1.58,0.4265543435772953
1.5810000000000004,0.4267207565846678
1.5819999999999999,0.4268867925012799
1.5830000000000002,0.4270524521008807
1.5839999999999996,0.4272177361549687
1.585,0.4273826454327622
1.5860000000000003,0.4275471807011677
1.5869999999999997,0.4277113427247495
1.588,0.4278751322656991
1.5890000000000004,0.428038550083804
1.5899999999999999,0.4282015969364171
1.5910000000000002,0.4283642735784265
1.5919999999999996,0.4285265807622238
1.593,0.428688519237674
1.5940000000000003,0.4288500897520849
1.5949999999999998,0.4290112930501753
1.596,0.4291721358898218
1.5970000000000004,0.429332615886256
1.5979999999999999,0.4294927319087287
1.5990000000000002,0.429652484754223
1.5999999999999996,0.4298118752191097
1.601,0.4299709040991476
1.6020000000000003,0.4301295721894837
1.6029999999999998,0.4302878802846539
1.604,0.4304458291785843
1.6050000000000004,0.4306034196645903
1.6059999999999999,0.430760652535378
1.6070000000000002,0.4309175285830448
1.6079999999999997,0.4310740485990794
1.609,0.4312302133743628
1.6100000000000003,0.4313860236991683
1.6109999999999998,0.4315414803631619
1.612,0.4316965841554044
1.6130000000000004,0.4318513358643496
1.6139999999999999,0.4320057362778461
1.6150000000000002,0.4321597861831382
1.6159999999999997,0.4323134863668648
1.617,0.4324668376150622
1.6180000000000003,0.4326198407131623
1.6189999999999998,0.4327724964459941
1.62,0.4329248055977852
1.6210000000000004,0.4330767689521606
1.6219999999999999,0.4332283872921437
1.6230000000000002,0.4333796614001578
1.6239999999999997,0.4335305920580251
1.625,0.4336811800469687
1.6260000000000003,0.4338314261476115
1.6269999999999998,0.4339813311399781
1.6280000000000001,0.4341308958034946
1.6289999999999996,0.434280120916989
1.63,0.4344290072586925
1.6310000000000002,0.4345775556062387
1.6319999999999997,0.4347257667366649
1.633,0.4348736414264133
1.6340000000000003,0.4350211804513299
1.6349999999999998,0.4351683845866657
1.6360000000000001,0.435315254607078
1.6369999999999996,0.4354617912866294
1.638,0.4356079953987896
1.6390000000000002,0.4357538677164352
1.6399999999999997,0.4358994090118499
1.641,0.4360446200567259
1.6420000000000003,0.4361894939204043
1.6429999999999998,0.4363340379428394
1.6440000000000001,0.43647825334937
1.6449999999999996,0.4366221408859206
1.646,0.4367657012974979
1.6470000000000002,0.4369089353281898
1.6479999999999997,0.437051843721166
1.649,0.4371944272186793
1.6500000000000004,0.4373366865620656
1.6509999999999998,0.4374786224917435
1.6520000000000001,0.4376202357472165
1.6529999999999996,0.4377615270670718
1.654,0.4379024971889826
1.6550000000000002,0.4380431468497061
1.6559999999999997,0.4381834767850862
1.657,0.4383234877300534
1.6580000000000004,0.4384631804186242
1.6589999999999998,0.4386025555839025
1.6600000000000001,0.4387416139580808
1.6609999999999996,0.4388803562724387
1.662,0.4390187832573451
1.6630000000000003,0.4391568956422577
1.6639999999999997,0.439294694155724
1.665,0.4394321795253815
1.6660000000000004,0.4395693524779579
1.6669999999999998,0.4397062137392722
1.6680000000000001,0.4398427640342346
1.6689999999999996,0.4399790040868473
1.67,0.4401149346202048
1.6710000000000003,0.4402505563564946
1.6719999999999997,0.4403858700169966
1.673,0.4405208763220855
1.6740000000000004,0.4406555759912292
1.6749999999999998,0.4407899697429909
1.6760000000000002,0.4409240582950286
1.6769999999999996,0.4410578423640952
1.678,0.4411913226660406
1.6790000000000003,0.4413244999158104
1.6799999999999997,0.4414573748274468
1.681,0.4415899481140901
1.6820000000000004,0.4417222204879777
1.6829999999999998,0.441854192660445
1.6840000000000002,0.4419858653419267
1.6849999999999996,0.4421172392419562
1.686,0.4422483150691662
1.6870000000000003,0.4423790922325245
1.6879999999999997,0.4425095637753531
1.689,0.4426397385526672
1.6900000000000004,0.4427696172409268
1.6909999999999998,0.4428992005152871
1.6920000000000002,0.4430284890495994
1.6929999999999996,0.4431574835164111
1.694,0.4432861845869664
1.6950000000000003,0.4434145929312066
1.6959999999999997,0.4435427092177702
1.697,0.4436705341139945
1.6980000000000004,0.4437980682859144
1.6989999999999998,0.4439253123982642
1.7000000000000002,0.4440522671144774
1.7009999999999996,0.444178933096687
1.702,0.4443053110057263
1.7030000000000003,0.4444314015011292
1.7039999999999997,0.4445572052411306
1.705,0.4446827228826665
1.7060000000000004,0.4448079550813752
1.7069999999999999,0.4449329024915968
1.7080000000000002,0.4450575657663746
1.7089999999999996,0.4451819455574544
1.71,0.4453060425152859
1.7110000000000003,0.445429857289023
1.7119999999999997,0.445553390526523
1.713,0.445676642874349
1.7140000000000004,0.4457996149777688
1.7149999999999999,0.4459223074807555
1.7160000000000002,0.4460447210259888
1.7169999999999996,0.4461668562548545
1.718,0.4462887138074452
1.7190000000000003,0.446410294322561
1.7199999999999998,0.4465315984377091
1.721,0.4466526267891053
1.7220000000000004,0.4467733800116737
1.7229999999999999,0.446893858739047
1.7240000000000002,0.4470140636035675
1.7249999999999996,0.4471339952362871
1.726,0.4472536542669676
1.7270000000000003,0.4473730413240813
1.7279999999999998,0.4474921570348115
1.729,0.4476110020250529
1.7300000000000004,0.4477295769194116
1.7309999999999999,0.4478478823412056
1.7320000000000002,0.447965918912466
1.7329999999999997,0.4480836860749721
1.734,0.4482011829900301
1.7350000000000003,0.4483184126128496
1.7359999999999998,0.4484353755498022
1.737,0.4485520724058242
1.7380000000000004,0.4486685037844172
1.7389999999999999,0.4487846702876482
1.7400000000000002,0.4489005725161511
1.7409999999999997,0.4490162110691253
1.742,0.4491315865443375
1.7430000000000003,0.4492466995381216
1.7439999999999998,0.4493615506453789
1.745,0.4494761404595788
1.7460000000000004,0.4495904695727591
1.7469999999999999,0.4497045385755256
1.7480000000000002,0.4498183480570542
1.7489999999999997,0.4499318986050895
1.75,0.4500451908059461
1.7510000000000003,0.4501582252445091
1.7519999999999998,0.4502710025042334
1.7530000000000001,0.4503835231671456
1.7539999999999996,0.450495787813843
1.755,0.4506077970234948
1.7560000000000002,0.4507195513738421
1.7569999999999997,0.4508310514411985
1.758,0.4509422978004501
1.7590000000000003,0.4510532910250564
1.7599999999999998,0.4511640316870499
1.7610000000000001,0.4512745203570372
1.7619999999999996,0.451384757604199
1.763,0.4514947439962908
1.7640000000000002,0.4516044800996424
1.7649999999999997,0.4517139664791591
1.766,0.4518232036983219
1.7670000000000003,0.4519321923191876
1.7679999999999998,0.4520409329023892
1.7690000000000001,0.4521494260071368
1.7699999999999996,0.4522576721912167
1.771,0.4523656720109932
1.7720000000000002,0.452473426021408
1.7729999999999997,0.4525809347759808
1.774,0.4526881988268098
1.7750000000000004,0.4527952187245719
1.7759999999999998,0.4529019950185229
1.7770000000000001,0.4530085282564983
1.7779999999999996,0.4531148189849132
1.779,0.4532208687279496
1.7800000000000002,0.4533266780741506
1.7809999999999997,0.4534322466974445
1.782,0.4535375751439848
1.7830000000000004,0.453642663958582
1.7839999999999998,0.4537475136847038
1.7850000000000001,0.4538521248644763
1.7859999999999996,0.4539564980386834
1.787,0.4540606337467676
1.7880000000000003,0.4541645325268298
1.7889999999999997,0.4542681949156303
1.79,0.4543716214485892
1.7910000000000004,0.4544748126597855
1.7919999999999998,0.4545777690819588
1.7930000000000001,0.4546804912465092
1.7939999999999996,0.4547829796834965
1.795,0.4548852349216425
1.7960000000000003,0.45498725748833
1.7969999999999997,0.455089047909603
1.798,0.4551906067101678
1.7990000000000004,0.4552919344133928
1.7999999999999998,0.4553930315413086
1.8010000000000002,0.4554938986146091
1.8019999999999996,0.4555945361526508
1.803,0.4556949446734543
1.8040000000000003,0.455795124693703
1.8049999999999997,0.4558950767287449
1.806,0.4559948012925924
1.8070000000000004,0.4560942988979221
1.8079999999999998,0.4561935700560756
1.8090000000000002,0.4562926152770603
1.8099999999999996,0.456391435069548
1.811,0.4564900299408773
1.8120000000000003,0.4565884003970526
1.8129999999999997,0.456686546942744
1.814,0.4567844700812895
1.8150000000000004,0.4568821703146931
1.8159999999999998,0.4569796481436263
1.8170000000000002,0.4570769040674285
1.8179999999999996,0.4571739385841065
1.819,0.4572707521903355
1.8200000000000003,0.4573673453814592
1.8209999999999997,0.4574637186514893
1.822,0.4575598724931074
1.8230000000000004,0.457655807397664
1.8239999999999998,0.4577515238551788
1.8250000000000002,0.4578470247302303
1.8259999999999996,0.4579423093256135
1.827,0.4580373772115829
1.8280000000000003,0.4581322288823823
1.8289999999999997,0.4582268648310605
1.83,0.4583212855494709
1.8310000000000004,0.4584154915282717
1.8319999999999999,0.4585094832569265
1.8330000000000002,0.4586032612237049
1.8339999999999996,0.4586968259156816
1.835,0.4587901778187375
1.8360000000000003,0.4588833174175601
1.8369999999999997,0.4589762451956433
1.838,0.4590689616352874
1.8390000000000004,0.4591614672176005
1.8399999999999999,0.4592537624224972
1.8410000000000002,0.4593458477287003
1.8419999999999996,0.4594377236137399
1.843,0.4595293905539546
1.8440000000000003,0.459620849024491
1.8449999999999998,0.459712099499304
1.846,0.459803142451158
1.8470000000000004,0.459893978351626
1.8479999999999999,0.45998460767109
1.8490000000000002,0.4600750308787419
1.8499999999999996,0.4601652484425832
1.851,0.4602552608294258
1.8520000000000003,0.4603450685048914
1.8529999999999998,0.4604346719334121
1.854,0.4605240715782312
1.8550000000000004,0.4606132679014027
1.8559999999999999,0.4607022613637917
1.8570000000000002,0.4607910524250749
1.8579999999999997,0.4608796415437406
1.859,0.4609680291770893
1.8600000000000003,0.4610562157812333
1.8609999999999998,0.4611442018110974
1.862,0.4612319877204193
1.8630000000000004,0.4613195739617491
1.8639999999999999,0.46140696098645
1.8650000000000002,0.4614941492446992
1.8659999999999997,0.4615811391854867
1.867,0.4616679312566169
1.8680000000000003,0.4617545259047075
1.8689999999999998,0.4618409235751912
1.87,0.4619271247123147
1.8710000000000004,0.4620131313365385
1.8719999999999999,0.4620989426296353
1.8730000000000002,0.462184558880701
1.8739999999999997,0.4622699805366254
1.875,0.4623552080432928
1.8760000000000003,0.4624402418455836
1.8769999999999998,0.462525082387376
1.8780000000000001,0.4626097301115495
1.8789999999999996,0.4626941854599853
1.88,0.4627784488735694
1.8810000000000002,0.4628625207921945
1.8819999999999997,0.4629464016547622
1.883,0.4630300918991845
1.8840000000000003,0.4631135919623867
1.8849999999999998,0.463196902280309
1.8860000000000001,0.4632800232879086
1.8869999999999996,0.463362955419162
1.888,0.4634456991070668
1.8890000000000002,0.4635282547836441
1.8899999999999997,0.46361062287994
1.891,0.463692803826029
1.8920000000000003,0.4637747980510142
1.8929999999999998,0.4638566059830309
1.8940000000000001,0.4639382280492477
1.8949999999999996,0.4640196646758695
1.896,0.4641009162881393
1.8970000000000002,0.4641819833103389
1.8979999999999997,0.4642628661657932
1.899,0.4643435652768708
1.9000000000000004,0.4644240810649865
1.9009999999999998,0.4645044139506034
1.9020000000000001,0.4645845643532349
1.9029999999999996,0.4646645326914468
1.904,0.4647443193828592
1.9050000000000002,0.464823924844149
1.9059999999999997,0.4649033494910514
1.907,0.4649825937383624
1.9080000000000004,0.4650616579999407
1.9089999999999998,0.4651405426887097
1.9100000000000001,0.4652192482166599
1.9109999999999996,0.4652977749948503
1.912,0.4653761234334111
1.9130000000000003,0.4654542939415457
1.9139999999999997,0.4655322869275322
1.915,0.4656101027987261
1.9160000000000004,0.4656877419639856
1.9169999999999998,0.4657652048500173
1.9180000000000001,0.4658424918401724
1.9189999999999996,0.4659196033382438
1.92,0.4659965397471142
1.9210000000000003,0.4660733014687581
1.9219999999999997,0.4661498889042449
1.923,0.46622630245374
1.9240000000000004,0.4663025425165073
1.9249999999999998,0.4663786094909114
1.9260000000000002,0.4664545037744191
1.9269999999999996,0.4665302257636021
1.928,0.466605775854139
1.9290000000000003,0.4666811544408169
1.9299999999999997,0.4667563619175338
1.931,0.4668313986773012
1.9320000000000004,0.4669062651122451
1.9329999999999998,0.4669809616136087
1.9340000000000002,0.4670554885717546
1.9349999999999996,0.4671298463761663
1.936,0.4672040354154512
1.9370000000000003,0.4672780560773416
1.9379999999999997,0.4673519087486975
1.939,0.4674255938155082
1.9400000000000004,0.4674991116628952
1.9409999999999998,0.4675724626751131
1.9420000000000002,0.4676456472355524
1.9429999999999996,0.4677186657267413
1.944,0.4677915185303481
1.9450000000000003,0.4678642060271831
1.9459999999999997,0.4679367285972003
1.947,0.4680090866195
1.9480000000000004,0.4680812804723306
1.9489999999999998,0.4681533105330904
1.9500000000000002,0.4682251771783303
1.9509999999999996,0.4682968807837553
1.952,0.468368421724227
1.9530000000000003,0.4684398003737653
1.9539999999999997,0.4685110171055502
1.955,0.4685820722919251
1.9560000000000004,0.468652966304397
1.9569999999999999,0.4687236995136402
1.9580000000000002,0.4687942722894976
1.9589999999999996,0.4688646850009826
1.96,0.4689349380162818
1.9610000000000003,0.4690050317027564
1.9619999999999997,0.4690749662915433
1.963,0.4691447419260877
1.9640000000000004,0.4692143592847151
1.9649999999999999,0.4692838187295114
1.9660000000000002,0.4693531206216997
1.9669999999999996,0.4694222653216406
1.968,0.4694912531888344
1.9690000000000003,0.4695600845819229
1.9699999999999998,0.4696287598586899
1.971,0.469697279376064
1.9720000000000004,0.4697656434901192
1.9729999999999999,0.4698338525560767
1.9740000000000002,0.4699019069283072
1.9749999999999996,0.4699698069603306
1.976,0.4700375530048196
1.9770000000000003,0.4701051454135999
1.9779999999999998,0.4701725845376523
1.979,0.4702398707271135
1.9800000000000004,0.4703070043312793
1.9809999999999999,0.4703739856986038
1.9820000000000002,0.4704408151767029
1.9829999999999997,0.4705074931123548
1.984,0.4705740198515018
1.9850000000000003,0.4706403957392521
1.9859999999999998,0.4707066211198805
1.987,0.4707726963368312
1.9880000000000004,0.4708386217327177
1.9889999999999999,0.470904397649326
1.9900000000000002,0.470970024427615
1.9909999999999997,0.4710355024077184
1.992,0.4711008319289464
1.9930000000000003,0.4711660133297865
1.9939999999999998,0.471231046947906
1.995,0.471295933120153
1.9960000000000004,0.4713606721825579
1.9969999999999999,0.4714252644703348
1.9980000000000002,0.4714897103178835
1.9989999999999997,0.4715540100587908
2.0,0.4716181640258314
